,,,,,,,,,,,,,,,,,,,,,
LTS Activity Report,,,,,,,,,,,,,,,,,,,,,
,,,,,,,,,,,,,,,,,,,,,
The activity details,,,,,,,,,,,,,,,,,,,,,
Activity,Summary,,,,Status,,Priority,Actual Start,,,Status Date,,,Owner,Owner Group,Responsible Group,,,Environment,,Originating Record
ACT2886580,Take current weekly file and add a daily version,,,,INPRG,,3,4/20/15,10:45:05 AM,,6/19/15,,5:02:53 PM,B017139,,MRS-DEVELOPMENT,,,,,SRQ3568008
,,,,,,,,,,,,,,,,,,,,,
All the specifications,,,,,,,,,,,,,,,,,,,,,
Attribute,,,,,,,,,,,,Alphanumeric Value,,,,,,,,,
MRSCUSTOMER,,,,,,,,,,,,5548 - CHARTER ONE BANK  F.S.B.,,,,,,,,,
MRSIMACCOMP,,,,,,,,,,,,Program Configuration,,,,,,,,,
MRSREQUEST,,,,,,,,,,,,Data Update,,,,,,,,,
,,,,,,,,,,,,,,,,,,,,,
All the worklog entries,,,,,,,,,,,,,,,,,,,,,
Date,,,Created By,,,Summary,,,,,,,,,,,,,,,
4/26/15,,3:10:25 AM,E040832,,,Some clarifications Needed Please,,,,,,,,,,,,,,,
4/21/15,,9:05:29 AM,E020147,,,MRS BATCH--please build new script for daily job,,,,,,,,,,,,,,,
6/19/15,,4:19:14 PM,E026647,,,Need Both Daily and Weekly,,,,,,,,,,,,,,,
,,,,,,,,,,,,,,,,,,,,,
The activity details,,,,,,,,,,,,,,,,,,,,,
Activity,Summary,,,,Status,,Priority,Actual Start,,,Status Date,,,Owner,Owner Group,Responsible Group,,,Environment,,Originating Record
ACT2962818,Citizens Everyday Points Adjustment Correction,,,,QUEUED,,3,6/9/15,11:23:14 AM,,6/9/15,,11:23:14 AM,B017139,,MRS-SUPPORT,,,,,SRQ3697802
,,,,,,,,,,,,,,,,,,,,,
All the specifications,,,,,,,,,,,,,,,,,,,,,
Attribute,,,,,,,,,,,,Alphanumeric Value,,,,,,,,,
MRSCUSTOMER,,,,,,,,,,,,,,,,,,,,,
MRSREQUEST,,,,,,,,,,,,,,,,,,,,,
,,,,,,,,,,,,,,,,,,,,,
The activity details,,,,,,,,,,,,,,,,,,,,,
Activity,Summary,,,,Status,,Priority,Actual Start,,,Status Date,,,Owner,Owner Group,Responsible Group,,,Environment,,Originating Record
ACT2974353,Citizens - Production Clean up of Custom Cash(Early Enrollments),,,,QUEUED,,3,6/16/15,3:56:26 PM,,6/16/15,,3:56:26 PM,B017139,,,,,,,SRQ3153939
,,,,,,,,,,,,,,,,,,,,,
All the specifications,,,,,,,,,,,,,,,,,,,,,
Attribute,,,,,,,,,,,,Alphanumeric Value,,,,,,,,,
MRSCUSTOMER,,,,,,,,,,,,,,,,,,,,,
MRSREQUEST,,,,,,,,,,,,,,,,,,,,,
,,,,,,,,,,,,,,,,,,,,,
The activity details,,,,,,,,,,,,,,,,,,,,,
Activity,Summary,,,,Status,,Priority,Actual Start,,,Status Date,,,Owner,Owner Group,Responsible Group,,,Environment,,Originating Record
ACT2967802,Rewards Project: TSYS Capital One,,,,INPRG,,2,6/11/15,12:02:22 PM,,6/22/15,,3:02:40 PM,E020147,,MRS-SUPPORT,,,,,SRQ3705374
,,,,,,,,,,,,,,,,,,,,,
All the specifications,,,,,,,,,,,,,,,,,,,,,
Attribute,,,,,,,,,,,,Alphanumeric Value,,,,,,,,,
MRSCUSTOMER,,,,,,,,,,,,1001 - CAPITAL ONE BANK,,,,,,,,,
MRSREQUEST,,,,,,,,,,,,Batch Processing,,,,,,,,,
,,,,,,,,,,,,,,,,,,,,,
All the worklog entries,,,,,,,,,,,,,,,,,,,,,
Date,,,Created By,,,Summary,,,,,,,,,,,,,,,
6/22/15,,2:20:18 PM,HSB2860,,,Clarification Answered,,,,,,,,,,,,,,,
6/12/15,,7:27:21 PM,E040832,,,Clarification needed,,,,,,,,,,,,,,,
,,,,,,,,,,,,,,,,,,,,,
The activity details,,,,,,,,,,,,,,,,,,,,,
Activity,Summary,,,,Status,,Priority,Actual Start,,,Status Date,,,Owner,Owner Group,Responsible Group,,,Environment,,Originating Record
ACT2958949,Manual FIle Processing Request,,,,QUEUED,,3,6/5/15,5:07:45 PM,,6/23/15,,12:25:16 PM,E020147,,MRS-SUPPORT,,,,,SRQ3417605
,,,,,,,,,,,,,,,,,,,,,
All the specifications,,,,,,,,,,,,,,,,,,,,,
Attribute,,,,,,,,,,,,Alphanumeric Value,,,,,,,,,
MRSCUSTOMER,,,,,,,,,,,,16170 - ROGERS BANK,,,,,,,,,
MRSREQUEST,,,,,,,,,,,,Data Update,,,,,,,,,
,,,,,,,,,,,,,,,,,,,,,
All the worklog entries,,,,,,,,,,,,,,,,,,,,,
Date,,,Created By,,,Summary,,,,,,,,,,,,,,,
6/22/15,,4:16:51 PM,E054112,,,Updated file Attched with date 6222015,,,,,,,,,,,,,,,
6/18/15,,9:34:53 AM,E032841,,,Updated file attached to address exceptions,,,,,,,,,,,,,,,
6/19/15,,10:33:27 AM,E054112,,,Updated file,,,,,,,,,,,,,,,
6/17/15,,4:02:02 PM,E020147,,,File processed as requested but has exceptions,,,,,,,,,,,,,,,
6/19/15,,3:42:13 PM,E020147,,,file processed with exceptions,,,,,,,,,,,,,,,
6/18/15,,10:52:36 AM,E020147,,,updated file processed as requested with exceptions,,,,,,,,,,,,,,,
6/8/15,,1:32:06 PM,E020147,,,Please provide the New Member checklist for configuration,,,,,,,,,,,,,,,
6/12/15,,1:38:31 AM,E046572,,,Datasetups need to be done,,,,,,,,,,,,,,,
6/15/15,,9:42:36 AM,E032841,,,Attached file updated,,,,,,,,,,,,,,,
6/10/15,,10:37:44 AM,E054112,,,File needs to be processed,,,,,,,,,,,,,,,
6/10/15,,10:29:44 AM,E054112,,,,,,,,,,,,,,,,,,
,,,,,,,,,,,,,,,,,,,,,
The activity details,,,,,,,,,,,,,,,,,,,,,
Activity,Summary,,,,Status,,Priority,Actual Start,,,Status Date,,,Owner,Owner Group,Responsible Group,,,Environment,,Originating Record
ACT2947118,9. PROD Build - 201506 RecurPay -3- AWARD - ICA 6687 -  June KeyBank Recurring Payments Promotion,,,,PENDING,,3,5/29/15,8:52:55 AM,,5/29/15,,8:53:28 AM,E030232,,MRS-SUPPORT,,,,,SRQ3631870
,,,,,,,,,,,,,,,,,,,,,
All the specifications,,,,,,,,,,,,,,,,,,,,,
Attribute,,,,,,,,,,,,Alphanumeric Value,,,,,,,,,
MRSCUSTOMER,,,,,,,,,,,,6687 - KEYBANK NATIONAL ASSOCIATION - RPS,,,,,,,,,
MRSIMACCOMP,,,,,,,,,,,,Promotional Set Up,,,,,,,,,
MRSREQUEST,,,,,,,,,,,,Promotion Build / Audit,,,,,,,,,
,,,,,,,,,,,,,,,,,,,,,
The activity details,,,,,,,,,,,,,,,,,,,,,
Activity,Summary,,,,Status,,Priority,Actual Start,,,Status Date,,,Owner,Owner Group,Responsible Group,,,Environment,,Originating Record
ACT2947120,10. PROD Peer Review - June KeyBank Recurring Payments Promotion,,,,PENDING,,3,5/29/15,8:55:12 AM,,5/29/15,,8:55:34 AM,E030232,,MRS-SUPPORT,,,,,SRQ3631870
,,,,,,,,,,,,,,,,,,,,,
All the specifications,,,,,,,,,,,,,,,,,,,,,
Attribute,,,,,,,,,,,,Alphanumeric Value,,,,,,,,,
MRSCUSTOMER,,,,,,,,,,,,6687 - KEYBANK NATIONAL ASSOCIATION - RPS,,,,,,,,,
MRSIMACCOMP,,,,,,,,,,,,Promotional Set Up,,,,,,,,,
MRSREQUEST,,,,,,,,,,,,Promotion Build / Audit,,,,,,,,,
,,,,,,,,,,,,,,,,,,,,,
The activity details,,,,,,,,,,,,,,,,,,,,,
Activity,Summary,,,,Status,,Priority,Actual Start,,,Status Date,,,Owner,Owner Group,Responsible Group,,,Environment,,Originating Record
ACT2928509,8. PROD Build - 201506 RecurPay -2- TRX - ICA 6687 -  June KeyBank Recurring Payments Promotion,,,,PENDING,,3,5/15/15,3:20:41 PM,,5/29/15,,8:53:55 AM,E030232,,MRS-SUPPORT,,,Production Servers,,SRQ3631870
,,,,,,,,,,,,,,,,,,,,,
All the specifications,,,,,,,,,,,,,,,,,,,,,
Attribute,,,,,,,,,,,,Alphanumeric Value,,,,,,,,,
MRSCUSTOMER,,,,,,,,,,,,6687 - KEYBANK NATIONAL ASSOCIATION - RPS,,,,,,,,,
MRSIMACCOMP,,,,,,,,,,,,Promotional Set Up,,,,,,,,,
MRSREQUEST,,,,,,,,,,,,Promotion Build / Audit,,,,,,,,,
,,,,,,,,,,,,,,,,,,,,,
The activity details,,,,,,,,,,,,,,,,,,,,,
Activity,Summary,,,,Status,,Priority,Actual Start,,,Status Date,,,Owner,Owner Group,Responsible Group,,,Environment,,Originating Record
ACT2928030,15. MTF Build Placeholder - ICA 6687 - Key Bank Change Control 73,,,,QUEUED,,3,5/15/15,11:02:40 AM,,5/15/15,,11:02:40 AM,E030232,,MRS-SUPPORT,,,MTF,,SRQ3635145
,,,,,,,,,,,,,,,,,,,,,
All the specifications,,,,,,,,,,,,,,,,,,,,,
Attribute,,,,,,,,,,,,Alphanumeric Value,,,,,,,,,
MRSCUSTOMER,,,,,,,,,,,,6687 - KEYBANK NATIONAL ASSOCIATION - RPS,,,,,,,,,
MRSIMACCOMP,,,,,,,,,,,,Promotional Set Up,,,,,,,,,
MRSREQUEST,,,,,,,,,,,,Promotion Build / Audit,,,,,,,,,
,,,,,,,,,,,,,,,,,,,,,
The activity details,,,,,,,,,,,,,,,,,,,,,
Activity,Summary,,,,Status,,Priority,Actual Start,,,Status Date,,,Owner,Owner Group,Responsible Group,,,Environment,,Originating Record
ACT2928031,16. PROD Build Placeholder - ICA 6687 - Key Bank Change Control 73,,,,QUEUED,,3,5/15/15,11:04:45 AM,,5/15/15,,11:04:45 AM,E030232,,MRS-SUPPORT,,,Production Servers,,SRQ3635145
,,,,,,,,,,,,,,,,,,,,,
All the specifications,,,,,,,,,,,,,,,,,,,,,
Attribute,,,,,,,,,,,,Alphanumeric Value,,,,,,,,,
MRSCUSTOMER,,,,,,,,,,,,6687 - KEYBANK NATIONAL ASSOCIATION - RPS,,,,,,,,,
MRSIMACCOMP,,,,,,,,,,,,Promotional Set Up,,,,,,,,,
MRSREQUEST,,,,,,,,,,,,Promotion Build / Audit,,,,,,,,,
,,,,,,,,,,,,,,,,,,,,,
The activity details,,,,,,,,,,,,,,,,,,,,,
Activity,Summary,,,,Status,,Priority,Actual Start,,,Status Date,,,Owner,Owner Group,Responsible Group,,,Environment,,Originating Record
ACT2870453,adjustment_type analysis and cleanup strategy on duplicates and INACTIVE member defined,,,,SUBMITTED,,3,4/8/15,8:49:50 AM,,4/13/15,,4:24:31 AM,E030232,,MRSOWN,,,Production Servers,,SRQ3355202
,,,,,,,,,,,,,,,,,,,,,
All the specifications,,,,,,,,,,,,,,,,,,,,,
Attribute,,,,,,,,,,,,Alphanumeric Value,,,,,,,,,
MRSCUSTOMER,,,,,,,,,,,,0000 - NonMember Specific,,,,,,,,,
MRSREQUEST,,,,,,,,,,,,Batch Processing,,,,,,,,,
,,,,,,,,,,,,,,,,,,,,,
All the worklog entries,,,,,,,,,,,,,,,,,,,,,
Date,,,Created By,,,Summary,,,,,,,,,,,,,,,
4/13/15,,4:22:22 AM,E046572,,,Details Provided,,,,,,,,,,,,,,,
,,,,,,,,,,,,,,,,,,,,,
The activity details,,,,,,,,,,,,,,,,,,,,,
Activity,Summary,,,,Status,,Priority,Actual Start,,,Status Date,,,Owner,Owner Group,Responsible Group,,,Environment,,Originating Record
ACT2890822,Purge Accounts banco Santander Old Programs ICA 3662,,,,INPRG,,3,4/22/15,10:32:19 AM,,4/22/15,,12:16:53 PM,E033372,,MRS-SUPPORT,,,,,SRQ3575261
,,,,,,,,,,,,,,,,,,,,,
All the specifications,,,,,,,,,,,,,,,,,,,,,
Attribute,,,,,,,,,,,,Alphanumeric Value,,,,,,,,,
MRSCUSTOMER,,,,,,,,,,,,,,,,,,,,,
MRSREQUEST,,,,,,,,,,,,,,,,,,,,,
,,,,,,,,,,,,,,,,,,,,,
The activity details,,,,,,,,,,,,,,,,,,,,,
Activity,Summary,,,,Status,,Priority,Actual Start,,,Status Date,,,Owner,Owner Group,Responsible Group,,,Environment,,Originating Record
ACT2980457,Citizens - Production - Duplicate reporting needs,,,,INPRG,,3,6/19/15,10:17:33 PM,,6/20/15,,10:13:50 PM,E033372,,MRS-SUPPORT,,,,,SRQ3153939
,,,,,,,,,,,,,,,,,,,,,
All the specifications,,,,,,,,,,,,,,,,,,,,,
Attribute,,,,,,,,,,,,Alphanumeric Value,,,,,,,,,
MRSCUSTOMER,,,,,,,,,,,,,,,,,,,,,
MRSREQUEST,,,,,,,,,,,,,,,,,,,,,
,,,,,,,,,,,,,,,,,,,,,
The activity details,,,,,,,,,,,,,,,,,,,,,
Activity,Summary,,,,Status,,Priority,Actual Start,,,Status Date,,,Owner,Owner Group,Responsible Group,,,Environment,,Originating Record
ACT2980458,Citizens - Production Purge Accounts,,,,INPRG,,3,6/19/15,10:55:24 PM,,6/20/15,,10:25:53 PM,E033372,,MRS-SUPPORT,,,,,SRQ3153939
,,,,,,,,,,,,,,,,,,,,,
All the specifications,,,,,,,,,,,,,,,,,,,,,
Attribute,,,,,,,,,,,,Alphanumeric Value,,,,,,,,,
MRSCUSTOMER,,,,,,,,,,,,,,,,,,,,,
MRSREQUEST,,,,,,,,,,,,,,,,,,,,,
,,,,,,,,,,,,,,,,,,,,,
The activity details,,,,,,,,,,,,,,,,,,,,,
Activity,Summary,,,,Status,,Priority,Actual Start,,,Status Date,,,Owner,Owner Group,Responsible Group,,,Environment,,Originating Record
ACT2983655,Loyalty Critical Care KeyBank 6687 PROD: Thuy Tran get CCBP10?,,,,INPRG,,2,6/23/15,9:44:19 AM,,6/23/15,,9:48:11 AM,E033372,,MRS-SUPPORT,,,,,SRQ3734295
,,,,,,,,,,,,,,,,,,,,,
All the specifications,,,,,,,,,,,,,,,,,,,,,
Attribute,,,,,,,,,,,,Alphanumeric Value,,,,,,,,,
MRSCUSTOMER,,,,,,,,,,,,,,,,,,,,,
MRSREQUEST,,,,,,,,,,,,,,,,,,,,,
,,,,,,,,,,,,,,,,,,,,,
The activity details,,,,,,,,,,,,,,,,,,,,,
Activity,Summary,,,,Status,,Priority,Actual Start,,,Status Date,,,Owner,Owner Group,Responsible Group,,,Environment,,Originating Record
ACT2957047,Purge accounts of Banco Santander Mexico ICA 3662 from Relationship Rewards Mex 7283 Program,,,,INPRG,,3,6/4/15,5:47:58 PM,,6/8/15,,2:38:18 PM,E033372,,MRS-SUPPORT,,,,,SRQ3687752
,,,,,,,,,,,,,,,,,,,,,
All the specifications,,,,,,,,,,,,,,,,,,,,,
Attribute,,,,,,,,,,,,Alphanumeric Value,,,,,,,,,
MRSCUSTOMER,,,,,,,,,,,,,,,,,,,,,
MRSREQUEST,,,,,,,,,,,,,,,,,,,,,
,,,,,,,,,,,,,,,,,,,,,
The activity details,,,,,,,,,,,,,,,,,,,,,
Activity,Summary,,,,Status,,Priority,Actual Start,,,Status Date,,,Owner,Owner Group,Responsible Group,,,Environment,,Originating Record
ACT2974280,PROD Peer Review - ICA 2742 - Easy Savings 2742 Rakuten promotion change effective 6-16-2015,,,,INPRG,,3,6/16/15,3:03:48 PM,,6/17/15,,12:49:14 PM,E033372,,MRS-SUPPORT,,,,,SRQ3690652
,,,,,,,,,,,,,,,,,,,,,
All the specifications,,,,,,,,,,,,,,,,,,,,,
Attribute,,,,,,,,,,,,Alphanumeric Value,,,,,,,,,
MRSCUSTOMER,,,,,,,,,,,,2742 - Easy Savings US,,,,,,,,,
MRSIMACCOMP,,,,,,,,,,,,Promotional Set Up,,,,,,,,,
MRSREQUEST,,,,,,,,,,,,Promotion Configuration / Parameter Update,,,,,,,,,
,,,,,,,,,,,,,,,,,,,,,
All the worklog entries,,,,,,,,,,,,,,,,,,,,,
Date,,,Created By,,,Summary,,,,,,,,,,,,,,,
6/22/15,,4:01:47 PM,E033372,,,"Changes reverted, backscoring completed.",,,,,,,,,,,,,,,
,,,,,,,,,,,,,,,,,,,,,
The activity details,,,,,,,,,,,,,,,,,,,,,
Activity,Summary,,,,Status,,Priority,Actual Start,,,Status Date,,,Owner,Owner Group,Responsible Group,,,Environment,,Originating Record
ACT2974288,PROD Peer Review - ICA 992481 - Easy Savings 992481 Rakuten promotion change effective 6-16-2015,,,,INPRG,,3,6/16/15,3:10:12 PM,,6/17/15,,12:50:02 PM,E033372,,MRS-SUPPORT,,,,,SRQ3690701
,,,,,,,,,,,,,,,,,,,,,
All the specifications,,,,,,,,,,,,,,,,,,,,,
Attribute,,,,,,,,,,,,Alphanumeric Value,,,,,,,,,
MRSCUSTOMER,,,,,,,,,,,,992481 - Easy Savings Middle Market,,,,,,,,,
MRSIMACCOMP,,,,,,,,,,,,Promotional Set Up,,,,,,,,,
MRSREQUEST,,,,,,,,,,,,Promotion Configuration / Parameter Update,,,,,,,,,
,,,,,,,,,,,,,,,,,,,,,
All the worklog entries,,,,,,,,,,,,,,,,,,,,,
Date,,,Created By,,,Summary,,,,,,,,,,,,,,,
6/22/15,,4:02:30 PM,E033372,,,"Changes reverted, backscoring completed.",,,,,,,,,,,,,,,
,,,,,,,,,,,,,,,,,,,,,
The activity details,,,,,,,,,,,,,,,,,,,,,
Activity,Summary,,,,Status,,Priority,Actual Start,,,Status Date,,,Owner,Owner Group,Responsible Group,,,Environment,,Originating Record
ACT2947062,32. PROD Peer Review Fixed Awards - ICA 7519 - Advisors client campaigns,,,,PENDING,,3,5/29/15,8:01:53 AM,,6/18/15,,3:09:37 PM,E033372,,MRS-SUPPORT,,,Production Servers,,SRQ3624079
,,,,,,,,,,,,,,,,,,,,,
All the specifications,,,,,,,,,,,,,,,,,,,,,
Attribute,,,,,,,,,,,,Alphanumeric Value,,,,,,,,,
MRSCUSTOMER,,,,,,,,,,,,7519 - COMMERCIAL INTERNATIONAL BANK (EGYPT) S.,,,,,,,,,
MRSIMACCOMP,,,,,,,,,,,,Promotional Set Up,,,,,,,,,
MRSREQUEST,,,,,,,,,,,,Promotion Build / Audit,,,,,,,,,
,,,,,,,,,,,,,,,,,,,,,
All the worklog entries,,,,,,,,,,,,,,,,,,,,,
Date,,,Created By,,,Summary,,,,,,,,,,,,,,,
6/18/15,,3:07:16 PM,E033372,,,ICA 7519 Peer Review – Approved – Activation Pending,,,,,,,,,,,,,,,
,,,,,,,,,,,,,,,,,,,,,
The activity details,,,,,,,,,,,,,,,,,,,,,
Activity,Summary,,,,Status,,Priority,Actual Start,,,Status Date,,,Owner,Owner Group,Responsible Group,,,Environment,,Originating Record
ACT2953255,9. PROD Build - ICA 3154 - Summer 2015 Promotions,,,,PENDING,,3,6/2/15,4:28:30 PM,,6/3/15,,9:09:34 AM,E033372,,,,,Production Servers,,SRQ3651233
,,,,,,,,,,,,,,,,,,,,,
All the specifications,,,,,,,,,,,,,,,,,,,,,
Attribute,,,,,,,,,,,,Alphanumeric Value,,,,,,,,,
MRSCUSTOMER,,,,,,,,,,,,3154 - MANUFACTURERS and TRADERS TRUST CO.,,,,,,,,,
MRSIMACCOMP,,,,,,,,,,,,Promotional Set Up,,,,,,,,,
MRSREQUEST,,,,,,,,,,,,Promotion Build / Audit,,,,,,,,,
,,,,,,,,,,,,,,,,,,,,,
All the worklog entries,,,,,,,,,,,,,,,,,,,,,
Date,,,Created By,,,Summary,,,,,,,,,,,,,,,
6/11/15,,6:35:10 PM,E033372,,,"Peer review suppended till June 30th, due to business request.",,,,,,,,,,,,,,,
,,,,,,,,,,,,,,,,,,,,,
The activity details,,,,,,,,,,,,,,,,,,,,,
Activity,Summary,,,,Status,,Priority,Actual Start,,,Status Date,,,Owner,Owner Group,Responsible Group,,,Environment,,Originating Record
ACT2953254,8. PROD Peer Review - CAP Modification - ICA 3154 - Summer 2015 Promotions,,,,PENDING,,3,6/2/15,4:27:53 PM,,6/3/15,,9:09:10 AM,E033372,,,,,Production Servers,,SRQ3651233
,,,,,,,,,,,,,,,,,,,,,
All the specifications,,,,,,,,,,,,,,,,,,,,,
Attribute,,,,,,,,,,,,Alphanumeric Value,,,,,,,,,
MRSCUSTOMER,,,,,,,,,,,,3154 - MANUFACTURERS and TRADERS TRUST CO.,,,,,,,,,
MRSIMACCOMP,,,,,,,,,,,,Promotional Set Up,,,,,,,,,
MRSREQUEST,,,,,,,,,,,,Promotion Build / Audit,,,,,,,,,
,,,,,,,,,,,,,,,,,,,,,
All the worklog entries,,,,,,,,,,,,,,,,,,,,,
Date,,,Created By,,,Summary,,,,,,,,,,,,,,,
6/11/15,,6:36:11 PM,E033372,,,"Peer review suspended till June 30th , due to business request.",,,,,,,,,,,,,,,
,,,,,,,,,,,,,,,,,,,,,
The activity details,,,,,,,,,,,,,,,,,,,,,
Activity,Summary,,,,Status,,Priority,Actual Start,,,Status Date,,,Owner,Owner Group,Responsible Group,,,Environment,,Originating Record
ACT2972293,33. PROD Peer Review Variable Awards - ICA 7519 - Advisors client campaigns,,,,PENDING,,3,6/16/15,8:49:35 AM,,6/18/15,,3:16:28 PM,E033372,,MRS-SUPPORT,,,Production Servers,,SRQ3624079
,,,,,,,,,,,,,,,,,,,,,
All the specifications,,,,,,,,,,,,,,,,,,,,,
Attribute,,,,,,,,,,,,Alphanumeric Value,,,,,,,,,
MRSCUSTOMER,,,,,,,,,,,,7519 - COMMERCIAL INTERNATIONAL BANK (EGYPT) S.,,,,,,,,,
MRSIMACCOMP,,,,,,,,,,,,Promotional Set Up,,,,,,,,,
MRSREQUEST,,,,,,,,,,,,Promotion Build / Audit,,,,,,,,,
,,,,,,,,,,,,,,,,,,,,,
All the worklog entries,,,,,,,,,,,,,,,,,,,,,
Date,,,Created By,,,Summary,,,,,,,,,,,,,,,
6/18/15,,3:16:14 PM,E033372,,,ICA 7519 Peer Review – Approved – Activation Pending,,,,,,,,,,,,,,,
,,,,,,,,,,,,,,,,,,,,,
The activity details,,,,,,,,,,,,,,,,,,,,,
Activity,Summary,,,,Status,,Priority,Actual Start,,,Status Date,,,Owner,Owner Group,Responsible Group,,,Environment,,Originating Record
ACT2983944,ICA 5548 - peer review request for performance rewrites in PROD,,,,QUEUED,,3,6/23/15,11:23:04 AM,,6/23/15,,11:23:04 AM,E033372,,MRS-SUPPORT,,,Production Servers,,INC841658
,,,,,,,,,,,,,,,,,,,,,
All the specifications,,,,,,,,,,,,,,,,,,,,,
Attribute,,,,,,,,,,,,Alphanumeric Value,,,,,,,,,
MRSCUSTOMER,,,,,,,,,,,,5548 - CHARTER ONE BANK  F.S.B.,,,,,,,,,
MRSIMACCOMP,,,,,,,,,,,,Promotional Set Up,,,,,,,,,
MRSREQUEST,,,,,,,,,,,,Promotion Build / Audit,,,,,,,,,
,,,,,,,,,,,,,,,,,,,,,
The activity details,,,,,,,,,,,,,,,,,,,,,
Activity,Summary,,,,Status,,Priority,Actual Start,,,Status Date,,,Owner,Owner Group,Responsible Group,,,Environment,,Originating Record
ACT2725804,Loyalty Critical Care KeyBank - 6687 - Prod - Change Non-Redeemers to Redeemer Status,,,,QUEUED,,3,12/17/14,3:01:03 PM,,4/21/15,,10:19:30 AM,E033372,,MRS-SUPPORT,,,,,SRQ3198613
,,,,,,,,,,,,,,,,,,,,,
All the specifications,,,,,,,,,,,,,,,,,,,,,
Attribute,,,,,,,,,,,,Alphanumeric Value,,,,,,,,,
MRSCUSTOMER,,,,,,,,,,,,6687 - KEYBANK NATIONAL ASSOCIATION - RPS,,,,,,,,,
MRSREQUEST,,,,,,,,,,,,Data Update,,,,,,,,,
,,,,,,,,,,,,,,,,,,,,,
All the worklog entries,,,,,,,,,,,,,,,,,,,,,
Date,,,Created By,,,Summary,,,,,,,,,,,,,,,
4/19/15,,9:46:11 PM,E054305,,,Purge submitted on 4/19/15.  Run another rpt of non-redeemers,,,,,,,,,,,,,,,
3/27/15,,3:11:41 PM,E054305,,,Has PRB69277 been opened to address this?,,,,,,,,,,,,,,,
3/3/15,,10:32:46 AM,E054305,,,"After fixing 1/26 list, run a new query to identify ""new"" non-redeemers",,,,,,,,,,,,,,,
3/3/15,,3:33:41 PM,E033372,,,Accounts from 1/26 set back to Redeemers,,,,,,,,,,,,,,,
3/3/15,,3:35:10 PM,E033372,,,Report created to indentify accounts,,,,,,,,,,,,,,,
2/5/15,,10:37:18 AM,E054305,,,New list of Non-Redeemers as of  01/26/15,,,,,,,,,,,,,,,
2/25/15,,9:10:05 AM,E054305,,,Need Root Cause for how/why accounts are being set to Non-redeemer,,,,,,,,,,,,,,,
12/25/14,,9:42:42 PM,E033372,,,|kb|D|Y|3|   Redeemer status updated.,,,,,,,,,,,,,,,
5/8/15,,7:35:35 PM,E033372,,,Weekly audits and corrections still on going.,,,,,,,,,,,,,,,
,,,,,,,,,,,,,,,,,,,,,
The activity details,,,,,,,,,,,,,,,,,,,,,
Activity,Summary,,,,Status,,Priority,Actual Start,,,Status Date,,,Owner,Owner Group,Responsible Group,,,Environment,,Originating Record
ACT2929711,MasterCard Prepaid Team VN CDN - MTF - Auth Notifications,,,,INPRG,,2,5/18/15,8:02:26 AM,,5/18/15,,9:31:15 AM,E034210,,MRS-SUPPORT,,,,,SRQ3504635
,,,,,,,,,,,,,,,,,,,,,
All the specifications,,,,,,,,,,,,,,,,,,,,,
Attribute,,,,,,,,,,,,Alphanumeric Value,,,,,,,,,
MRSCUSTOMER,,,,,,,,,,,,,,,,,,,,,
MRSREQUEST,,,,,,,,,,,,,,,,,,,,,
,,,,,,,,,,,,,,,,,,,,,
The activity details,,,,,,,,,,,,,,,,,,,,,
Activity,Summary,,,,Status,,Priority,Actual Start,,,Status Date,,,Owner,Owner Group,Responsible Group,,,Environment,,Originating Record
ACT2981769,Fuel Rewards Network Post Production SRQ,,,,INPRG,,3,6/22/15,9:30:03 AM,,6/22/15,,10:06:34 AM,E034210,,MRS-SUPPORT,,,,,SRQ3730291
,,,,,,,,,,,,,,,,,,,,,
,,,,,,,,,,,,,,,,,,,,,
The activity details,,,,,,,,,,,,,,,,,,,,,
Activity,Summary,,,,Status,,Priority,Actual Start,,,Status Date,,,Owner,Owner Group,Responsible Group,,,Environment,,Originating Record
ACT2970602,Trialpay/Coupons Inc. ICA 14856,,,,QUEUED,,3,6/14/15,5:58:47 PM,,6/19/15,,9:34:34 AM,E034210,,MRS-SUPPORT,,,,,SRQ3710689
,,,,,,,,,,,,,,,,,,,,,
All the specifications,,,,,,,,,,,,,,,,,,,,,
Attribute,,,,,,,,,,,,Alphanumeric Value,,,,,,,,,
DONOTSURVEY,,,,,,,,,,,,,,,,,,,,,
MRSCUSTOMER,,,,,,,,,,,,,,,,,,,,,
MRSREQUEST,,,,,,,,,,,,,,,,,,,,,
,,,,,,,,,,,,,,,,,,,,,
All the worklog entries,,,,,,,,,,,,,,,,,,,,,
Date,,,Created By,,,Summary,,,,,,,,,,,,,,,
6/18/15,,3:39:01 PM,E040220,,,transaction info,,,,,,,,,,,,,,,
6/16/15,,10:07:19 AM,E034210,,,"customer located, trans info needed",,,,,,,,,,,,,,,
6/16/15,,9:32:57 AM,E034210,,,No such customer enrolled in Trialpay,,,,,,,,,,,,,,,
6/16/15,,9:50:12 AM,E040220,,,Clarification,,,,,,,,,,,,,,,
,,,,,,,,,,,,,,,,,,,,,
The activity details,,,,,,,,,,,,,,,,,,,,,
Activity,Summary,,,,Status,,Priority,Actual Start,,,Status Date,,,Owner,Owner Group,Responsible Group,,,Environment,,Originating Record
ACT2983703,Member Impl -- USAA,,,,INPRG,,3,6/23/15,9:57:00 AM,,6/23/15,,10:36:17 AM,E038105,,MRS-BATCH,,,,,SRQ3179250
,,,,,,,,,,,,,,,,,,,,,
All the specifications,,,,,,,,,,,,,,,,,,,,,
Attribute,,,,,,,,,,,,Alphanumeric Value,,,,,,,,,
MRSCUSTOMER,,,,,,,,,,,,,,,,,,,,,
MRSREQUEST,,,,,,,,,,,,,,,,,,,,,
,,,,,,,,,,,,,,,,,,,,,
The activity details,,,,,,,,,,,,,,,,,,,,,
Activity,Summary,,,,Status,,Priority,Actual Start,,,Status Date,,,Owner,Owner Group,Responsible Group,,,Environment,,Originating Record
ACT2982112,Send MCBS file May 1 thru May 15-2015,,,,INPRG,,3,6/22/15,11:20:30 AM,,6/22/15,,2:54:15 PM,E038105,,MRS-BATCH,,,,,SRQ3730810
,,,,,,,,,,,,,,,,,,,,,
All the specifications,,,,,,,,,,,,,,,,,,,,,
Attribute,,,,,,,,,,,,Alphanumeric Value,,,,,,,,,
DONOTSURVEY,,,,,,,,,,,,,,,,,,,,,
MRSCUSTOMER,,,,,,,,,,,,,,,,,,,,,
MRSREQUEST,,,,,,,,,,,,,,,,,,,,,
,,,,,,,,,,,,,,,,,,,,,
The activity details,,,,,,,,,,,,,,,,,,,,,
Activity,Summary,,,,Status,,Priority,Actual Start,,,Status Date,,,Owner,Owner Group,Responsible Group,,,Environment,,Originating Record
ACT2982118,Send MCBS file June 1 thru June 15-2015,,,,INPRG,,3,6/22/15,11:22:10 AM,,6/22/15,,3:02:12 PM,E038105,,MRS-BATCH,,,,,SRQ3730816
,,,,,,,,,,,,,,,,,,,,,
All the specifications,,,,,,,,,,,,,,,,,,,,,
Attribute,,,,,,,,,,,,Alphanumeric Value,,,,,,,,,
DONOTSURVEY,,,,,,,,,,,,,,,,,,,,,
MRSCUSTOMER,,,,,,,,,,,,,,,,,,,,,
MRSREQUEST,,,,,,,,,,,,,,,,,,,,,
,,,,,,,,,,,,,,,,,,,,,
The activity details,,,,,,,,,,,,,,,,,,,,,
Activity,Summary,,,,Status,,Priority,Actual Start,,,Status Date,,,Owner,Owner Group,Responsible Group,,,Environment,,Originating Record
ACT2972203,Member Impl -- USAA,,,,INPRG,,3,6/15/15,2:36:02 PM,,6/22/15,,3:44:12 PM,E038105,,MRS-BATCH,,,,,SRQ3179250
,,,,,,,,,,,,,,,,,,,,,
All the specifications,,,,,,,,,,,,,,,,,,,,,
Attribute,,,,,,,,,,,,Alphanumeric Value,,,,,,,,,
MRSCUSTOMER,,,,,,,,,,,,1630 - USAA FEDERAL SAVINGS BANK,,,,,,,,,
MRSREQUEST,,,,,,,,,,,,Data Update,,,,,,,,,
,,,,,,,,,,,,,,,,,,,,,
All the worklog entries,,,,,,,,,,,,,,,,,,,,,
Date,,,Created By,,,Summary,,,,,,,,,,,,,,,
6/16/15,,2:00:00 PM,E032841,,,See the attached now,,,,,,,,,,,,,,,
6/22/15,,3:31:27 PM,E020147,,,production configuration has been completed,,,,,,,,,,,,,,,
6/22/15,,3:34:03 PM,E020147,,,MRS BATCH please add USAA to batch manager,,,,,,,,,,,,,,,
6/19/15,,4:16:26 PM,E032841,,,See the new attached onboarding doc with information,,,,,,,,,,,,,,,
6/16/15,,1:45:20 PM,E020147,,,attachment???,,,,,,,,,,,,,,,
,,,,,,,,,,,,,,,,,,,,,
The activity details,,,,,,,,,,,,,,,,,,,,,
Activity,Summary,,,,Status,,Priority,Actual Start,,,Status Date,,,Owner,Owner Group,Responsible Group,,,Environment,,Originating Record
ACT2976877,Citizens - Production PWRL Redemption report question,,,,INPRG,,3,6/17/15,10:19:10 PM,,6/19/15,,3:06:08 AM,E041890,,MRS-SUPPORT,,,,,SRQ3153939
,,,,,,,,,,,,,,,,,,,,,
All the specifications,,,,,,,,,,,,,,,,,,,,,
Attribute,,,,,,,,,,,,Alphanumeric Value,,,,,,,,,
MRSCUSTOMER,,,,,,,,,,,,,,,,,,,,,
MRSREQUEST,,,,,,,,,,,,,,,,,,,,,
,,,,,,,,,,,,,,,,,,,,,
All the worklog entries,,,,,,,,,,,,,,,,,,,,,
Date,,,Created By,,,Summary,,,,,,,,,,,,,,,
6/22/15,,6:18:02 AM,E041890,,,Current status,,,,,,,,,,,,,,,
,,,,,,,,,,,,,,,,,,,,,
The activity details,,,,,,,,,,,,,,,,,,,,,
Activity,Summary,,,,Status,,Priority,Actual Start,,,Status Date,,,Owner,Owner Group,Responsible Group,,,Environment,,Originating Record
ACT2983498,Email Address Detail Report  -error in MTF,,,,INPRG,,3,6/23/15,8:43:22 AM,,6/23/15,,8:46:14 AM,E041890,,MRS-SUPPORT,,,,,SRQ3733986
,,,,,,,,,,,,,,,,,,,,,
All the specifications,,,,,,,,,,,,,,,,,,,,,
Attribute,,,,,,,,,,,,Alphanumeric Value,,,,,,,,,
MRSCUSTOMER,,,,,,,,,,,,,,,,,,,,,
MRSREQUEST,,,,,,,,,,,,,,,,,,,,,
,,,,,,,,,,,,,,,,,,,,,
The activity details,,,,,,,,,,,,,,,,,,,,,
Activity,Summary,,,,Status,,Priority,Actual Start,,,Status Date,,,Owner,Owner Group,Responsible Group,,,Environment,,Originating Record
ACT2981142,CIB - Strange Case!,,,,INPRG,,2,6/22/15,1:44:12 AM,,6/22/15,,3:45:26 AM,E041890,,MRS-SUPPORT,,,,,SRQ3728879
,,,,,,,,,,,,,,,,,,,,,
All the specifications,,,,,,,,,,,,,,,,,,,,,
Attribute,,,,,,,,,,,,Alphanumeric Value,,,,,,,,,
MRSCUSTOMER,,,,,,,,,,,,,,,,,,,,,
MRSREQUEST,,,,,,,,,,,,,,,,,,,,,
,,,,,,,,,,,,,,,,,,,,,
The activity details,,,,,,,,,,,,,,,,,,,,,
Activity,Summary,,,,Status,,Priority,Actual Start,,,Status Date,,,Owner,Owner Group,Responsible Group,,,Environment,,Originating Record
ACT2952014,Instant Redemption Not Possible (Limit Exceed) Ukraine,,,,INPRG,,3,6/2/15,9:38:24 AM,,6/23/15,,8:32:37 AM,E041890,,MRS-SUPPORT,,,,,SRQ3678336
,,,,,,,,,,,,,,,,,,,,,
All the specifications,,,,,,,,,,,,,,,,,,,,,
Attribute,,,,,,,,,,,,Alphanumeric Value,,,,,,,,,
MRSCUSTOMER,,,,,,,,,,,,6250 - COMMERCIAL BANK PRIVATBANK,,,,,,,,,
MRSREQUEST,,,,,,,,,,,,Situational Analysis,,,,,,,,,
,,,,,,,,,,,,,,,,,,,,,
All the worklog entries,,,,,,,,,,,,,,,,,,,,,
Date,,,Created By,,,Summary,,,,,,,,,,,,,,,
6/23/15,,7:21:04 AM,E035614,,,details of failed redemptions,,,,,,,,,,,,,,,
6/23/15,,7:31:02 AM,E035614,,,,,,,,,,,,,,,,,,
6/3/15,,4:14:57 AM,E041890,,,Difficult to reproduce,,,,,,,,,,,,,,,
,,,,,,,,,,,,,,,,,,,,,
The activity details,,,,,,,,,,,,,,,,,,,,,
Activity,Summary,,,,Status,,Priority,Actual Start,,,Status Date,,,Owner,Owner Group,Responsible Group,,,Environment,,Originating Record
ACT2958119,Citizens - Production Website Phoenix issues,,,,INPRG,,3,6/5/15,12:17:45 PM,,6/8/15,,3:46:58 AM,E041890,,MRS-SUPPORT,,,,,SRQ3153939
,,,,,,,,,,,,,,,,,,,,,
All the specifications,,,,,,,,,,,,,,,,,,,,,
Attribute,,,,,,,,,,,,Alphanumeric Value,,,,,,,,,
MRSCUSTOMER,,,,,,,,,,,,,,,,,,,,,
MRSREQUEST,,,,,,,,,,,,,,,,,,,,,
,,,,,,,,,,,,,,,,,,,,,
All the worklog entries,,,,,,,,,,,,,,,,,,,,,
Date,,,Created By,,,Summary,,,,,,,,,,,,,,,
6/8/15,,11:58:11 AM,E041890,,,Current status,,,,,,,,,,,,,,,
,,,,,,,,,,,,,,,,,,,,,
The activity details,,,,,,,,,,,,,,,,,,,,,
Activity,Summary,,,,Status,,Priority,Actual Start,,,Status Date,,,Owner,Owner Group,Responsible Group,,,Environment,,Originating Record
ACT2971021,ICBC Prod - Promo2013 backscoring,,,,INPRG,,3,6/23/15,6:30:55 AM,,6/23/15,,6:39:13 AM,E041890,,MRS-SUPPORT,,,,,SRQ3711823
,,,,,,,,,,,,,,,,,,,,,
All the specifications,,,,,,,,,,,,,,,,,,,,,
Attribute,,,,,,,,,,,,Alphanumeric Value,,,,,,,,,
MRSCUSTOMER,,,,,,,,,,,,,,,,,,,,,
MRSREQUEST,,,,,,,,,,,,,,,,,,,,,
,,,,,,,,,,,,,,,,,,,,,
The activity details,,,,,,,,,,,,,,,,,,,,,
Activity,Summary,,,,Status,,Priority,Actual Start,,,Status Date,,,Owner,Owner Group,Responsible Group,,,Environment,,Originating Record
ACT2970121,FW: [MRS - Erro em Produção],,,,PENDING,,3,6/12/15,1:31:48 PM,,6/19/15,,8:48:57 AM,E041890,,MRS-SUPPORT,,,,,SRQ3708681
,,,,,,,,,,,,,,,,,,,,,
All the specifications,,,,,,,,,,,,,,,,,,,,,
Attribute,,,,,,,,,,,,Alphanumeric Value,,,,,,,,,
MRSCUSTOMER,,,,,,,,,,,,7782 - BANCO DO ESTADO DO RIO GRANDE DO SUL S.A,,,,,,,,,
MRSREQUEST,,,,,,,,,,,,Situational Analysis,,,,,,,,,
,,,,,,,,,,,,,,,,,,,,,
All the worklog entries,,,,,,,,,,,,,,,,,,,,,
Date,,,Created By,,,Summary,,,,,,,,,,,,,,,
6/16/15,,3:58:17 PM,E043152,,,To CHS,,,,,,,,,,,,,,,
6/19/15,,8:46:00 AM,E041890,,,Waiting for further details,,,,,,,,,,,,,,,
6/16/15,,3:10:44 AM,E041890,,,Further information is required,,,,,,,,,,,,,,,
,,,,,,,,,,,,,,,,,,,,,
The activity details,,,,,,,,,,,,,,,,,,,,,
Activity,Summary,,,,Status,,Priority,Actual Start,,,Status Date,,,Owner,Owner Group,Responsible Group,,,Environment,,Originating Record
ACT2966095,IBQ - Thanq Archive details for May 2015,,,,QUEUED,,2,6/10/15,3:24:39 PM,,6/19/15,,1:59:12 PM,E041890,,MRS-SUPPORT,,,,,SRQ3683327
,,,,,,,,,,,,,,,,,,,,,
All the specifications,,,,,,,,,,,,,,,,,,,,,
Attribute,,,,,,,,,,,,Alphanumeric Value,,,,,,,,,
MRSCUSTOMER,,,,,,,,,,,,4627 - INTERNATIONAL BANK OF QATAR,,,,,,,,,
MRSREQUEST,,,,,,,,,,,,Adhoc Reporting,,,,,,,,,
,,,,,,,,,,,,,,,,,,,,,
All the worklog entries,,,,,,,,,,,,,,,,,,,,,
Date,,,Created By,,,Summary,,,,,,,,,,,,,,,
6/14/15,,4:52:42 AM,E037398,,,Rework,,,,,,,,,,,,,,,
6/11/15,,4:37:15 AM,E041890,,,Code modified - new report attached,,,,,,,,,,,,,,,
,,,,,,,,,,,,,,,,,,,,,
The activity details,,,,,,,,,,,,,,,,,,,,,
Activity,Summary,,,,Status,,Priority,Actual Start,,,Status Date,,,Owner,Owner Group,Responsible Group,,,Environment,,Originating Record
ACT2949199,Fusion Updation,,,,INPRG,,,6/1/15,5:51:40 AM,,6/1/15,,5:56:19 AM,E046571,,MRS-BATCH,,,,,SRQ3673274
,,,,,,,,,,,,,,,,,,,,,
All the specifications,,,,,,,,,,,,,,,,,,,,,
Attribute,,,,,,,,,,,,Alphanumeric Value,,,,,,,,,
BATCH JOB NAME,,,,,,,,,,,,,,,,,,,,,
BATCH MEMBER,,,,,,,,,,,,,,,,,,,,,
MRSCUSTOMER,,,,,,,,,,,,,,,,,,,,,
MRSREQUEST,,,,,,,,,,,,,,,,,,,,,
,,,,,,,,,,,,,,,,,,,,,
The activity details,,,,,,,,,,,,,,,,,,,,,
Activity,Summary,,,,Status,,Priority,Actual Start,,,Status Date,,,Owner,Owner Group,Responsible Group,,,Environment,,Originating Record
ACT2949200,Statement Analysis,,,,INPRG,,,6/1/15,5:51:16 AM,,6/1/15,,5:55:22 AM,E046571,,MRS-BATCH,,,,,SRQ3673274
,,,,,,,,,,,,,,,,,,,,,
All the specifications,,,,,,,,,,,,,,,,,,,,,
Attribute,,,,,,,,,,,,Alphanumeric Value,,,,,,,,,
BATCH JOB NAME,,,,,,,,,,,,,,,,,,,,,
BATCH MEMBER,,,,,,,,,,,,,,,,,,,,,
MRSCUSTOMER,,,,,,,,,,,,,,,,,,,,,
MRSREQUEST,,,,,,,,,,,,,,,,,,,,,
,,,,,,,,,,,,,,,,,,,,,
The activity details,,,,,,,,,,,,,,,,,,,,,
Activity,Summary,,,,Status,,Priority,Actual Start,,,Status Date,,,Owner,Owner Group,Responsible Group,,,Environment,,Originating Record
ACT2949201,Job monitoring,,,,INPRG,,,6/1/15,5:52:17 AM,,6/1/15,,5:55:10 AM,E046571,,MRS-BATCH,,,,,SRQ3673274
,,,,,,,,,,,,,,,,,,,,,
All the specifications,,,,,,,,,,,,,,,,,,,,,
Attribute,,,,,,,,,,,,Alphanumeric Value,,,,,,,,,
BATCH JOB NAME,,,,,,,,,,,,,,,,,,,,,
BATCH MEMBER,,,,,,,,,,,,,,,,,,,,,
MRSCUSTOMER,,,,,,,,,,,,,,,,,,,,,
MRSREQUEST,,,,,,,,,,,,,,,,,,,,,
,,,,,,,,,,,,,,,,,,,,,
The activity details,,,,,,,,,,,,,,,,,,,,,
Activity,Summary,,,,Status,,Priority,Actual Start,,,Status Date,,,Owner,Owner Group,Responsible Group,,,Environment,,Originating Record
ACT2949202,Cross training,,,,INPRG,,,6/1/15,5:52:44 AM,,6/1/15,,5:55:00 AM,E046571,,MRS-BATCH,,,,,SRQ3673274
,,,,,,,,,,,,,,,,,,,,,
All the specifications,,,,,,,,,,,,,,,,,,,,,
Attribute,,,,,,,,,,,,Alphanumeric Value,,,,,,,,,
BATCH JOB NAME,,,,,,,,,,,,,,,,,,,,,
BATCH MEMBER,,,,,,,,,,,,,,,,,,,,,
MRSCUSTOMER,,,,,,,,,,,,,,,,,,,,,
MRSREQUEST,,,,,,,,,,,,,,,,,,,,,
,,,,,,,,,,,,,,,,,,,,,
The activity details,,,,,,,,,,,,,,,,,,,,,
Activity,Summary,,,,Status,,Priority,Actual Start,,,Status Date,,,Owner,Owner Group,Responsible Group,,,Environment,,Originating Record
ACT2949203,Report Generation,,,,INPRG,,,6/1/15,5:53:07 AM,,6/1/15,,5:54:46 AM,E046571,,MRS-BATCH,,,Performance,,SRQ3673274
,,,,,,,,,,,,,,,,,,,,,
All the specifications,,,,,,,,,,,,,,,,,,,,,
Attribute,,,,,,,,,,,,Alphanumeric Value,,,,,,,,,
BATCH JOB NAME,,,,,,,,,,,,,,,,,,,,,
BATCH MEMBER,,,,,,,,,,,,,,,,,,,,,
MRSCUSTOMER,,,,,,,,,,,,,,,,,,,,,
MRSREQUEST,,,,,,,,,,,,,,,,,,,,,
,,,,,,,,,,,,,,,,,,,,,
The activity details,,,,,,,,,,,,,,,,,,,,,
Activity,Summary,,,,Status,,Priority,Actual Start,,,Status Date,,,Owner,Owner Group,Responsible Group,,,Environment,,Originating Record
ACT2974141,Microsoft - 14859 Production Authorization Issue,,,,INPRG,,2,6/16/15,2:21:46 PM,,6/16/15,,8:13:42 PM,E046571,,MRS-BATCH,,,,,SRQ3615844
,,,,,,,,,,,,,,,,,,,,,
All the specifications,,,,,,,,,,,,,,,,,,,,,
Attribute,,,,,,,,,,,,Alphanumeric Value,,,,,,,,,
DONOTSURVEY,,,,,,,,,,,,,,,,,,,,,
MRSCUSTOMER,,,,,,,,,,,,,,,,,,,,,
MRSREQUEST,,,,,,,,,,,,,,,,,,,,,
PROJECT NAME/NUMBER,,,,,,,,,,,,,,,,,,,,,
,,,,,,,,,,,,,,,,,,,,,
All the worklog entries,,,,,,,,,,,,,,,,,,,,,
Date,,,Created By,,,Summary,,,,,,,,,,,,,,,
6/16/15,,4:51:08 PM,E020147,,,Manoj--can you review?,,,,,,,,,,,,,,,
6/17/15,,11:48:08 AM,E055376,,,INC and PRB created.,,,,,,,,,,,,,,,
,,,,,,,,,,,,,,,,,,,,,
The activity details,,,,,,,,,,,,,,,,,,,,,
Activity,Summary,,,,Status,,Priority,Actual Start,,,Status Date,,,Owner,Owner Group,Responsible Group,,,Environment,,Originating Record
ACT2975339,Truaxis - HSBC Bank Brasil | Criteria for DW,,,,INPRG,,3,6/17/15,9:39:28 AM,,6/22/15,,8:22:10 PM,E046572,,MRS-BATCH,,,,,SRQ3716389
,,,,,,,,,,,,,,,,,,,,,
All the specifications,,,,,,,,,,,,,,,,,,,,,
Attribute,,,,,,,,,,,,Alphanumeric Value,,,,,,,,,
MRSCUSTOMER,,,,,,,,,,,,90200 - TRUAXIS HSBC BANK BRASIL,,,,,,,,,
MRSIMACCOMP,,,,,,,,,,,,Program Configuration,,,,,,,,,
MRSREQUEST,,,,,,,,,,,,Data Update,,,,,,,,,
,,,,,,,,,,,,,,,,,,,,,
All the worklog entries,,,,,,,,,,,,,,,,,,,,,
Date,,,Created By,,,Summary,,,,,,,,,,,,,,,
6/22/15,,3:37:23 PM,E020147,,,MRS BATCH  please load transactions in MTF,,,,,,,,,,,,,,,
,,,,,,,,,,,,,,,,,,,,,
The activity details,,,,,,,,,,,,,,,,,,,,,
Activity,Summary,,,,Status,,Priority,Actual Start,,,Status Date,,,Owner,Owner Group,Responsible Group,,,Environment,,Originating Record
ACT2971452,Pay with Rewards functionality for mbank MRS program Live 22nd of June,,,,INPRG,,3,6/15/15,9:59:16 AM,,6/16/15,,8:50:56 PM,E046572,,MRS-BATCH,,,,,SRQ3712566
,,,,,,,,,,,,,,,,,,,,,
All the specifications,,,,,,,,,,,,,,,,,,,,,
Attribute,,,,,,,,,,,,Alphanumeric Value,,,,,,,,,
MRSCUSTOMER,,,,,,,,,,,,11611 - BRE BANK SPOLKA AKCYJNA,,,,,,,,,
MRSIMACCOMP,,,,,,,,,,,,Batch Scheduling,,,,,,,,,
MRSREQUEST,,,,,,,,,,,,Batch Processing,,,,,,,,,
,,,,,,,,,,,,,,,,,,,,,
All the worklog entries,,,,,,,,,,,,,,,,,,,,,
Date,,,Created By,,,Summary,,,,,,,,,,,,,,,
6/16/15,,1:41:23 PM,E020147,,,MRS-BATCH--please confirm batch processing is in place,,,,,,,,,,,,,,,
,,,,,,,,,,,,,,,,,,,,,
The activity details,,,,,,,,,,,,,,,,,,,,,
Activity,Summary,,,,Status,,Priority,Actual Start,,,Status Date,,,Owner,Owner Group,Responsible Group,,,Environment,,Originating Record
ACT2982156,ICA 3154 - Summer 2015 Promotions,,,,INPRG,,3,6/22/15,11:45:48 AM,,6/22/15,,11:47:47 AM,E047589,,MRS-SUPPORT,,,,,SRQ3651233
,,,,,,,,,,,,,,,,,,,,,
All the specifications,,,,,,,,,,,,,,,,,,,,,
Attribute,,,,,,,,,,,,Alphanumeric Value,,,,,,,,,
MRSCUSTOMER,,,,,,,,,,,,,,,,,,,,,
MRSIMACCOMP,,,,,,,,,,,,,,,,,,,,,
MRSREQUEST,,,,,,,,,,,,,,,,,,,,,
,,,,,,,,,,,,,,,,,,,,,
The activity details,,,,,,,,,,,,,,,,,,,,,
Activity,Summary,,,,Status,,Priority,Actual Start,,,Status Date,,,Owner,Owner Group,Responsible Group,,,Environment,,Originating Record
ACT2972086,Santander BRA | Round 3 Short Migration Process,,,,QUEUED,,3,6/15/15,1:54:44 PM,,6/15/15,,1:54:44 PM,E047589,,MRS-SUPPORT,,,,,SRQ3713482
,,,,,,,,,,,,,,,,,,,,,
All the specifications,,,,,,,,,,,,,,,,,,,,,
Attribute,,,,,,,,,,,,Alphanumeric Value,,,,,,,,,
MRSCUSTOMER,,,,,,,,,,,,,,,,,,,,,
MRSREQUEST,,,,,,,,,,,,,,,,,,,,,
PROJECT NAME/NUMBER,,,,,,,,,,,,,,,,,,,,,
,,,,,,,,,,,,,,,,,,,,,
The activity details,,,,,,,,,,,,,,,,,,,,,
Activity,Summary,,,,Status,,Priority,Actual Start,,,Status Date,,,Owner,Owner Group,Responsible Group,,,Environment,,Originating Record
ACT2982355,Surpreenda - Zuum Qualification Issue,,,,REWORK,,3,6/22/15,1:50:27 PM,,6/23/15,,6:28:28 AM,E047589,,COS WIPRO BRAZIL,,,Production Servers,,SRQ3723659
,,,,,,,,,,,,,,,,,,,,,
All the specifications,,,,,,,,,,,,,,,,,,,,,
Attribute,,,,,,,,,,,,Alphanumeric Value,,,,,,,,,
MRSCUSTOMER,,,,,,,,,,,,14016 - MASTERCARD Marketing LAC,,,,,,,,,
MRSREQUEST,,,,,,,,,,,,Consulting,,,,,,,,,
,,,,,,,,,,,,,,,,,,,,,
All the worklog entries,,,,,,,,,,,,,,,,,,,,,
Date,,,Created By,,,Summary,,,,,,,,,,,,,,,
6/23/15,,6:27:51 AM,E045240,,,update,,,,,,,,,,,,,,,
6/23/15,,5:40:46 AM,E047589,,,Qualification is workking as designed,,,,,,,,,,,,,,,
,,,,,,,,,,,,,,,,,,,,,
The activity details,,,,,,,,,,,,,,,,,,,,,
Activity,Summary,,,,Status,,Priority,Actual Start,,,Status Date,,,Owner,Owner Group,Responsible Group,,,Environment,,Originating Record
ACT2979735,Loyalty Critical Care KeyBank 6687 PROD: # of Accounts for each bank product code,,,,INPRG,,2,6/19/15,12:49:25 PM,,6/23/15,,7:47:18 AM,E050447,,MRS-SUPPORT,,,,,SRQ3726670
,,,,,,,,,,,,,,,,,,,,,
All the specifications,,,,,,,,,,,,,,,,,,,,,
Attribute,,,,,,,,,,,,Alphanumeric Value,,,,,,,,,
MRSCUSTOMER,,,,,,,,,,,,,,,,,,,,,
MRSREQUEST,,,,,,,,,,,,,,,,,,,,,
,,,,,,,,,,,,,,,,,,,,,
All the worklog entries,,,,,,,,,,,,,,,,,,,,,
Date,,,Created By,,,Summary,,,,,,,,,,,,,,,
6/19/15,,2:37:30 PM,E050447,,,Report was sent by Email,,,,,,,,,,,,,,,
6/22/15,,3:31:03 PM,E054305,,,Revised report needed - Specific bank product codes and account numbers,,,,,,,,,,,,,,,
6/22/15,,9:16:10 AM,E050447,,,Questions were answered by Email,,,,,,,,,,,,,,,
6/22/15,,3:38:55 PM,E054305,,,USE THIS FOR NEW REQUEST:,,,,,,,,,,,,,,,
,,,,,,,,,,,,,,,,,,,,,
The activity details,,,,,,,,,,,,,,,,,,,,,
Activity,Summary,,,,Status,,Priority,Actual Start,,,Status Date,,,Owner,Owner Group,Responsible Group,,,Environment,,Originating Record
ACT2983494,Archive 84 - Unified Accounts,,,,INPRG,,3,6/23/15,8:38:06 AM,,6/23/15,,8:39:51 AM,E050447,,MRS-SUPPORT,,,,,SRQ3730234
,,,,,,,,,,,,,,,,,,,,,
All the specifications,,,,,,,,,,,,,,,,,,,,,
Attribute,,,,,,,,,,,,Alphanumeric Value,,,,,,,,,
MRSCUSTOMER,,,,,,,,,,,,,,,,,,,,,
MRSREQUEST,,,,,,,,,,,,,,,,,,,,,
,,,,,,,,,,,,,,,,,,,,,
The activity details,,,,,,,,,,,,,,,,,,,,,
Activity,Summary,,,,Status,,Priority,Actual Start,,,Status Date,,,Owner,Owner Group,Responsible Group,,,Environment,,Originating Record
ACT2983914,Avis UK rebate information with rental agreement #,,,,INPRG,,3,6/23/15,10:58:16 AM,,6/23/15,,11:40:52 AM,E050447,,MRS-SUPPORT,,,,,SRQ3734606
,,,,,,,,,,,,,,,,,,,,,
All the specifications,,,,,,,,,,,,,,,,,,,,,
Attribute,,,,,,,,,,,,Alphanumeric Value,,,,,,,,,
DONOTSURVEY,,,,,,,,,,,,,,,,,,,,,
MRSCUSTOMER,,,,,,,,,,,,,,,,,,,,,
MRSREQUEST,,,,,,,,,,,,,,,,,,,,,
,,,,,,,,,,,,,,,,,,,,,
The activity details,,,,,,,,,,,,,,,,,,,,,
Activity,Summary,,,,Status,,Priority,Actual Start,,,Status Date,,,Owner,Owner Group,Responsible Group,,,Environment,,Originating Record
ACT2983803,*Important* MRS: Unable to access Program Parameters - System Maintenance MTF,,,,INPRG,,3,6/23/15,10:24:21 AM,,6/23/15,,12:24:59 PM,E050545,,MRS-SUPPORT,,,,,SRQ3731133
,,,,,,,,,,,,,,,,,,,,,
All the specifications,,,,,,,,,,,,,,,,,,,,,
Attribute,,,,,,,,,,,,Alphanumeric Value,,,,,,,,,
MRSCUSTOMER,,,,,,,,,,,,,,,,,,,,,
MRSREQUEST,,,,,,,,,,,,,,,,,,,,,
,,,,,,,,,,,,,,,,,,,,,
The activity details,,,,,,,,,,,,,,,,,,,,,
Activity,Summary,,,,Status,,Priority,Actual Start,,,Status Date,,,Owner,Owner Group,Responsible Group,,,Environment,,Originating Record
ACT2639016,Enable www.keybankrewards.com to persist as the vanity URL,,,,PENDING,,3,10/7/14,1:39:34 PM,,3/11/15,,1:25:10 PM,E050840,,MRS-SUPPORT,,,,,SRQ2970241
,,,,,,,,,,,,,,,,,,,,,
All the specifications,,,,,,,,,,,,,,,,,,,,,
Attribute,,,,,,,,,,,,Alphanumeric Value,,,,,,,,,
MRSREQUEST,,,,,,,,,,,,,,,,,,,,,
,,,,,,,,,,,,,,,,,,,,,
All the worklog entries,,,,,,,,,,,,,,,,,,,,,
Date,,,Created By,,,Summary,,,,,,,,,,,,,,,
3/11/15,,1:25:16 PM,E050840,,,Pending CHG 181592,,,,,,,,,,,,,,,
,,,,,,,,,,,,,,,,,,,,,
The activity details,,,,,,,,,,,,,,,,,,,,,
Activity,Summary,,,,Status,,Priority,Actual Start,,,Status Date,,,Owner,Owner Group,Responsible Group,,,Environment,,Originating Record
ACT2976323,Provide Easy Savings Merchant Billing setup information,,,,INPRG,,3,6/17/15,3:06:30 PM,,6/17/15,,3:16:23 PM,E050853,,MRS-SUPPORT,,,,,SRQ3720617
,,,,,,,,,,,,,,,,,,,,,
All the specifications,,,,,,,,,,,,,,,,,,,,,
Attribute,,,,,,,,,,,,Alphanumeric Value,,,,,,,,,
DONOTSURVEY,,,,,,,,,,,,,,,,,,,,,
MRSCUSTOMER,,,,,,,,,,,,,,,,,,,,,
MRSREQUEST,,,,,,,,,,,,,,,,,,,,,
,,,,,,,,,,,,,,,,,,,,,
The activity details,,,,,,,,,,,,,,,,,,,,,
Activity,Summary,,,,Status,,Priority,Actual Start,,,Status Date,,,Owner,Owner Group,Responsible Group,,,Environment,,Originating Record
ACT2979417,**ACT to MRS** Easy Savings (secure),,,,INPRG,,3,6/19/15,10:24:31 AM,,6/19/15,,12:17:47 PM,E050853,,MRS-SUPPORT,,,,,SRQ3701155
,,,,,,,,,,,,,,,,,,,,,
All the specifications,,,,,,,,,,,,,,,,,,,,,
Attribute,,,,,,,,,,,,Alphanumeric Value,,,,,,,,,
DONOTSURVEY,,,,,,,,,,,,,,,,,,,,,
MRSCUSTOMER,,,,,,,,,,,,,,,,,,,,,
MRSREQUEST,,,,,,,,,,,,,,,,,,,,,
,,,,,,,,,,,,,,,,,,,,,
The activity details,,,,,,,,,,,,,,,,,,,,,
Activity,Summary,,,,Status,,Priority,Actual Start,,,Status Date,,,Owner,Owner Group,Responsible Group,,,Environment,,Originating Record
ACT2857443,Check status of rebate reversals Hotel Network 2742,,,,INPRG,,3,3/30/15,7:46:30 PM,,3/31/15,,9:01:24 AM,E050853,,MRS-SUPPORT,,,,,SRQ3511469
,,,,,,,,,,,,,,,,,,,,,
All the specifications,,,,,,,,,,,,,,,,,,,,,
Attribute,,,,,,,,,,,,Alphanumeric Value,,,,,,,,,
MRSREQUEST,,,,,,,,,,,,,,,,,,,,,
,,,,,,,,,,,,,,,,,,,,,
All the worklog entries,,,,,,,,,,,,,,,,,,,,,
Date,,,Created By,,,Summary,,,,,,,,,,,,,,,
4/21/15,,3:33:03 PM,E050853,,,Rebate reversals could not be found,,,,,,,,,,,,,,,
4/21/15,,9:50:27 AM,E050853,,,Transactions sent to Cameron for investigation,,,,,,,,,,,,,,,
6/7/15,,11:30:22 PM,E050853,,,Waiting for response from Ron,,,,,,,,,,,,,,,
,,,,,,,,,,,,,,,,,,,,,
The activity details,,,,,,,,,,,,,,,,,,,,,
Activity,Summary,,,,Status,,Priority,Actual Start,,,Status Date,,,Owner,Owner Group,Responsible Group,,,Environment,,Originating Record
ACT2971619,Rename Easy Savings programs within MRS,,,,INPRG,,3,6/15/15,10:47:14 AM,,6/15/15,,12:49:11 PM,E050853,,MRS-SUPPORT,,,,,SRQ3712815
,,,,,,,,,,,,,,,,,,,,,
All the specifications,,,,,,,,,,,,,,,,,,,,,
Attribute,,,,,,,,,,,,Alphanumeric Value,,,,,,,,,
MRSCUSTOMER,,,,,,,,,,,,0000 - NonMember Specific,,,,,,,,,
MRSREQUEST,,,,,,,,,,,,Data Update,,,,,,,,,
,,,,,,,,,,,,,,,,,,,,,
The activity details,,,,,,,,,,,,,,,,,,,,,
Activity,Summary,,,,Status,,Priority,Actual Start,,,Status Date,,,Owner,Owner Group,Responsible Group,,,Environment,,Originating Record
ACT2926027,Create new rebate header file for Easy Savings Canada 11490 cross border,,,,INPRG,,3,5/14/15,1:37:25 PM,,5/14/15,,1:55:22 PM,E050853,,MRS-SUPPORT,,,,,SRQ3632459
,,,,,,,,,,,,,,,,,,,,,
All the specifications,,,,,,,,,,,,,,,,,,,,,
Attribute,,,,,,,,,,,,Alphanumeric Value,,,,,,,,,
DONOTSURVEY,,,,,,,,,,,,,,,,,,,,,
MRSCUSTOMER,,,,,,,,,,,,,,,,,,,,,
MRSREQUEST,,,,,,,,,,,,,,,,,,,,,
,,,,,,,,,,,,,,,,,,,,,
The activity details,,,,,,,,,,,,,,,,,,,,,
Activity,Summary,,,,Status,,Priority,Actual Start,,,Status Date,,,Owner,Owner Group,Responsible Group,,,Environment,,Originating Record
ACT2912608,Update SQL for EZ Program Merchant Rebate Matrix monthly report,,,,INPRG,,3,5/6/15,11:14:23 AM,,5/6/15,,12:52:16 PM,E050853,,MRS-SUPPORT,,,,,SRQ3611196
,,,,,,,,,,,,,,,,,,,,,
All the specifications,,,,,,,,,,,,,,,,,,,,,
Attribute,,,,,,,,,,,,Alphanumeric Value,,,,,,,,,
DONOTSURVEY,,,,,,,,,,,,,,,,,,,,,
MRSCUSTOMER,,,,,,,,,,,,0000 - NonMember Specific,,,,,,,,,
MRSREQUEST,,,,,,,,,,,,Consulting,,,,,,,,,
,,,,,,,,,,,,,,,,,,,,,
All the worklog entries,,,,,,,,,,,,,,,,,,,,,
Date,,,Created By,,,Summary,,,,,,,,,,,,,,,
5/12/15,,8:41:30 AM,E050853,,,Separate report should be created for cleaning up end dated Programs,,,,,,,,,,,,,,,
,,,,,,,,,,,,,,,,,,,,,
The activity details,,,,,,,,,,,,,,,,,,,,,
Activity,Summary,,,,Status,,Priority,Actual Start,,,Status Date,,,Owner,Owner Group,Responsible Group,,,Environment,,Originating Record
ACT2977318,List on phone number for sms communication,,,,INPRG,,3,6/18/15,5:23:54 AM,,6/23/15,,12:03:42 AM,E055410,,MRS-SUPPORT,,,,,SRQ3722120
,,,,,,,,,,,,,,,,,,,,,
All the specifications,,,,,,,,,,,,,,,,,,,,,
Attribute,,,,,,,,,,,,Alphanumeric Value,,,,,,,,,
MRSCUSTOMER,,,,,,,,,,,,,,,,,,,,,
MRSREQUEST,,,,,,,,,,,,,,,,,,,,,
,,,,,,,,,,,,,,,,,,,,,
All the worklog entries,,,,,,,,,,,,,,,,,,,,,
Date,,,Created By,,,Summary,,,,,,,,,,,,,,,
6/19/15,,2:02:22 AM,E055410,,,Clarification Needed on report filters,,,,,,,,,,,,,,,
6/22/15,,8:22:27 AM,E044709,,,Answer,,,,,,,,,,,,,,,
,,,,,,,,,,,,,,,,,,,,,
The activity details,,,,,,,,,,,,,,,,,,,,,
Activity,Summary,,,,Status,,Priority,Actual Start,,,Status Date,,,Owner,Owner Group,Responsible Group,,,Environment,,Originating Record
ACT2979105,MRS CE Password reset 06.19.2015,,,,INPRG,,3,6/19/15,7:43:52 AM,,6/19/15,,2:31:12 PM,E055410,,MRS-SUPPORT,,,,,SRQ3725536
,,,,,,,,,,,,,,,,,,,,,
All the specifications,,,,,,,,,,,,,,,,,,,,,
Attribute,,,,,,,,,,,,Alphanumeric Value,,,,,,,,,
BATCH JOB NAME,,,,,,,,,,,,,,,,,,,,,
BATCH MEMBER,,,,,,,,,,,,,,,,,,,,,
MRSCUSTOMER,,,,,,,,,,,,,,,,,,,,,
MRSREQUEST,,,,,,,,,,,,,,,,,,,,,
,,,,,,,,,,,,,,,,,,,,,
The activity details,,,,,,,,,,,,,,,,,,,,,
Activity,Summary,,,,Status,,Priority,Actual Start,,,Status Date,,,Owner,Owner Group,Responsible Group,,,Environment,,Originating Record
ACT2983538,EMP - Inactivate LDAP_ID 06.23.2015,,,,SUBMITTED,,3,6/23/15,9:00:22 AM,,6/23/15,,9:12:14 AM,E055410,,MRSOWN,,,,,SRQ3734065
,,,,,,,,,,,,,,,,,,,,,
All the specifications,,,,,,,,,,,,,,,,,,,,,
Attribute,,,,,,,,,,,,Alphanumeric Value,,,,,,,,,
BATCH JOB NAME,,,,,,,,,,,,,,,,,,,,,
BATCH MEMBER,,,,,,,,,,,,,,,,,,,,,
MRSCUSTOMER,,,,,,,,,,,,,,,,,,,,,
MRSREQUEST,,,,,,,,,,,,,,,,,,,,,
,,,,,,,,,,,,,,,,,,,,,
All the worklog entries,,,,,,,,,,,,,,,,,,,,,
Date,,,Created By,,,Summary,,,,,,,,,,,,,,,
6/23/15,,9:11:31 AM,E044004,,,EMP - Inactivate LDAP_ID 06.23.2015,,,,,,,,,,,,,,,
,,,,,,,,,,,,,,,,,,,,,
The activity details,,,,,,,,,,,,,,,,,,,,,
Activity,Summary,,,,Status,,Priority,Actual Start,,,Status Date,,,Owner,Owner Group,Responsible Group,,,Environment,,Originating Record
ACT2981976,e-bielizna.pl  - MOM new merchant transaction report,,,,INPRG,,3,6/22/15,10:35:46 AM,,6/23/15,,3:09:20 AM,E056737,,MRS-SUPPORT,,,,,SRQ3730595
,,,,,,,,,,,,,,,,,,,,,
All the specifications,,,,,,,,,,,,,,,,,,,,,
Attribute,,,,,,,,,,,,Alphanumeric Value,,,,,,,,,
MRSCUSTOMER,,,,,,,,,,,,,,,,,,,,,
MRSREQUEST,,,,,,,,,,,,,,,,,,,,,
,,,,,,,,,,,,,,,,,,,,,
The activity details,,,,,,,,,,,,,,,,,,,,,
Activity,Summary,,,,Status,,Priority,Actual Start,,,Status Date,,,Owner,Owner Group,Responsible Group,,,Environment,,Originating Record
ACT2975087,NBE - Invalid Account Number,,,,INPRG,,2,6/17/15,7:10:34 AM,,6/23/15,,4:37:52 AM,E056737,,MRS-SUPPORT,,,,,SRQ3718899
,,,,,,,,,,,,,,,,,,,,,
All the specifications,,,,,,,,,,,,,,,,,,,,,
Attribute,,,,,,,,,,,,Alphanumeric Value,,,,,,,,,
MRSCUSTOMER,,,,,,,,,,,,,,,,,,,,,
MRSREQUEST,,,,,,,,,,,,,,,,,,,,,
,,,,,,,,,,,,,,,,,,,,,
All the worklog entries,,,,,,,,,,,,,,,,,,,,,
Date,,,Created By,,,Summary,,,,,,,,,,,,,,,
6/23/15,,4:01:59 AM,E037398,,,Rework,,,,,,,,,,,,,,,
6/22/15,,7:27:26 AM,E050545,,,There is no card account range in CS,,,,,,,,,,,,,,,
,,,,,,,,,,,,,,,,,,,,,
The activity details,,,,,,,,,,,,,,,,,,,,,
Activity,Summary,,,,Status,,Priority,Actual Start,,,Status Date,,,Owner,Owner Group,Responsible Group,,,Environment,,Originating Record
ACT2966179,SSFCU Transfer Issue (ICA 3875),,,,PENDING,,3,6/10/15,4:03:19 PM,,6/17/15,,4:53:53 AM,E056737,,MRS-SUPPORT,,,,,SRQ3702623
,,,,,,,,,,,,,,,,,,,,,
All the specifications,,,,,,,,,,,,,,,,,,,,,
Attribute,,,,,,,,,,,,Alphanumeric Value,,,,,,,,,
MRSCUSTOMER,,,,,,,,,,,,3875 - SECURITY SERVICE FEDERAL CREDIT UNION,,,,,,,,,
MRSREQUEST,,,,,,,,,,,,Situational Analysis,,,,,,,,,
,,,,,,,,,,,,,,,,,,,,,
All the worklog entries,,,,,,,,,,,,,,,,,,,,,
Date,,,Created By,,,Summary,,,,,,,,,,,,,,,
6/17/15,,4:50:11 AM,E056737,,,Awaiting inputs from customer,,,,,,,,,,,,,,,
,,,,,,,,,,,,,,,,,,,,,
The activity details,,,,,,,,,,,,,,,,,,,,,
Activity,Summary,,,,Status,,Priority,Actual Start,,,Status Date,,,Owner,Owner Group,Responsible Group,,,Environment,,Originating Record
ACT2981904,"CONCEPTIA - MOM new merchant, transaction report",,,,QUEUED,,3,6/22/15,10:21:47 AM,,6/23/15,,8:26:23 AM,E056737,,MRS-SUPPORT,,,,,SRQ3730527
,,,,,,,,,,,,,,,,,,,,,
All the specifications,,,,,,,,,,,,,,,,,,,,,
Attribute,,,,,,,,,,,,Alphanumeric Value,,,,,,,,,
MRSCUSTOMER,,,,,,,,,,,,,,,,,,,,,
MRSREQUEST,,,,,,,,,,,,,,,,,,,,,
,,,,,,,,,,,,,,,,,,,,,
The activity details,,,,,,,,,,,,,,,,,,,,,
Activity,Summary,,,,Status,,Priority,Actual Start,,,Status Date,,,Owner,Owner Group,Responsible Group,,,Environment,,Originating Record
ACT2981957,HEXELINE  - MOM new merchant transaction report,,,,QUEUED,,3,6/22/15,10:29:32 AM,,6/23/15,,8:27:18 AM,E056737,,MRS-SUPPORT,,,,,SRQ3730569
,,,,,,,,,,,,,,,,,,,,,
All the specifications,,,,,,,,,,,,,,,,,,,,,
Attribute,,,,,,,,,,,,Alphanumeric Value,,,,,,,,,
MRSCUSTOMER,,,,,,,,,,,,,,,,,,,,,
MRSREQUEST,,,,,,,,,,,,,,,,,,,,,
,,,,,,,,,,,,,,,,,,,,,
The activity details,,,,,,,,,,,,,,,,,,,,,
Activity,Summary,,,,Status,,Priority,Actual Start,,,Status Date,,,Owner,Owner Group,Responsible Group,,,Environment,,Originating Record
ACT2981974,TOMAOTOMO  - MOM new merchant transaction report,,,,QUEUED,,3,6/22/15,10:32:23 AM,,6/23/15,,8:14:30 AM,E056737,,MRS-SUPPORT,,,,,SRQ3730579
,,,,,,,,,,,,,,,,,,,,,
All the specifications,,,,,,,,,,,,,,,,,,,,,
Attribute,,,,,,,,,,,,Alphanumeric Value,,,,,,,,,
MRSCUSTOMER,,,,,,,,,,,,,,,,,,,,,
MRSREQUEST,,,,,,,,,,,,,,,,,,,,,
,,,,,,,,,,,,,,,,,,,,,
All the worklog entries,,,,,,,,,,,,,,,,,,,,,
Date,,,Created By,,,Summary,,,,,,,,,,,,,,,
6/23/15,,8:13:08 AM,E050447,,,I found only one transaction,,,,,,,,,,,,,,,
,,,,,,,,,,,,,,,,,,,,,
The activity details,,,,,,,,,,,,,,,,,,,,,
Activity,Summary,,,,Status,,Priority,Actual Start,,,Status Date,,,Owner,Owner Group,Responsible Group,,,Environment,,Originating Record
ACT2982016,LIMANGO - MOM new merchant transaction report,,,,QUEUED,,3,6/22/15,10:41:39 AM,,6/23/15,,8:25:32 AM,E056737,,MRS-SUPPORT,,,,,SRQ3730624
,,,,,,,,,,,,,,,,,,,,,
All the specifications,,,,,,,,,,,,,,,,,,,,,
Attribute,,,,,,,,,,,,Alphanumeric Value,,,,,,,,,
MRSCUSTOMER,,,,,,,,,,,,,,,,,,,,,
MRSREQUEST,,,,,,,,,,,,,,,,,,,,,
,,,,,,,,,,,,,,,,,,,,,
The activity details,,,,,,,,,,,,,,,,,,,,,
Activity,Summary,,,,Status,,Priority,Actual Start,,,Status Date,,,Owner,Owner Group,Responsible Group,,,Environment,,Originating Record
ACT2981983,FORPRO- MOM new merchant transaction report,,,,INPRG,,3,6/22/15,10:38:48 AM,,6/22/15,,5:10:18 PM,E057515,,MRS-SUPPORT,,,,,SRQ3730609
,,,,,,,,,,,,,,,,,,,,,
All the specifications,,,,,,,,,,,,,,,,,,,,,
Attribute,,,,,,,,,,,,Alphanumeric Value,,,,,,,,,
MRSCUSTOMER,,,,,,,,,,,,,,,,,,,,,
MRSREQUEST,,,,,,,,,,,,,,,,,,,,,
,,,,,,,,,,,,,,,,,,,,,
The activity details,,,,,,,,,,,,,,,,,,,,,
Activity,Summary,,,,Status,,Priority,Actual Start,,,Status Date,,,Owner,Owner Group,Responsible Group,,,Environment,,Originating Record
ACT2983741,KeyBank Rewards Project Query Request,,,,INPRG,,2,6/23/15,10:04:24 AM,,6/23/15,,10:07:12 AM,E057515,,MRS-SUPPORT,,,,,SRQ3674171
,,,,,,,,,,,,,,,,,,,,,
All the specifications,,,,,,,,,,,,,,,,,,,,,
Attribute,,,,,,,,,,,,Alphanumeric Value,,,,,,,,,
DONOTSURVEY,,,,,,,,,,,,,,,,,,,,,
MRSCUSTOMER,,,,,,,,,,,,,,,,,,,,,
MRSREQUEST,,,,,,,,,,,,,,,,,,,,,
,,,,,,,,,,,,,,,,,,,,,
Saved Where Clause:,,,,"woactivity.status not in (    'COMP'        ,'CAN'        ,'WAPPR'        ,'CANCEL'        ,'CLOSE'        ) and woactivity.owner in (select respparty from persongroupteam where persongroup in ('MRS-DEVELOPMENT','MRS-SUPPORT','MRS-BATCH'    )    )     and woactivity.parent is null",,,,,,,,,,,,,,,,,
Dynamic Where Clause:,,,,,,,,,,,,,,,,,,,,,
2015-06-23 12:51:15,,,,,,,,,,1,,,,,,,/,74,,,
